{"cameraMode":{"drawMode":0,"name":"Shaded","section":"Shading Mode"},"sceneLighting":false,"audioPlay":false,"sceneViewState":{"m_AlwaysRefresh":false,"showFog":true,"showSkybox":false,"showFlares":true,"showImageEffects":true,"showParticleSystems":true,"showVisualEffectGraphs":true,"m_FxEnabled":true},"in2DMode":false,"pivot":{"x":1.088097095489502,"y":0.027580589056015016,"z":-1.0395779609680176},"rotation":{"x":0.004651596304029226,"y":-0.9249669909477234,"z":-0.011374748311936856,"w":-0.3798808157444},"size":0.8660253882408142,"orthographic":false}